Heart_Rate,Stress_Level
104,High
55,Low
133,High
90,Medium
62,Low
140,High
123,High
75,Low
53,Low
101,High
72,Low
78,Medium
120,High
63,Low
129,High
123,High
116,High
61,Low
100,Medium
108,High
119,High
132,High
91,Medium
133,High
53,Low
103,High
116,High
92,Medium
62,Low
83,Medium
126,High
78,Medium
117,High
97,Medium
64,Low
99,Medium
116,High
57,Low
95,Medium
57,Low
140,High
65,Low
105,High
100,Medium
59,Low
71,Low
56,Low
60,Low
134,High
61,Low
51,Low
95,Medium
50,Low
114,High
84,Medium
58,Low
50,Low
71,Low
99,Medium
67,Low
104,High
82,Medium
91,Medium
123,High
75,Low
72,Low
134,High
70,Low
86,Medium
102,High
127,High
94,Medium
78,Medium
98,Medium
93,Medium
95,Medium
93,Medium
67,Low
101,High
137,High
90,Medium
59,Low
121,High
94,Medium
97,Medium
74,Low
87,Medium
128,High
78,Medium
82,Medium
125,High
105,High
135,High
84,Medium
106,High
81,Medium
64,Low
59,Low
130,High

